timestamp,user_id,event_type,tool_type,floor,ai_result,ai_confidence,detail
2026-09-30 11:17:37,TOPTEC 사원 부기공,방문,,,,,사원증 태그 및 메인 화면 접속
2026-09-30 11:17:46,TOPTEC 사원 부기공,시작,16파이 엔드밀,1,,,16파이 엔드밀 배출 시도
2026-09-30 11:18:29,TOPTEC 사원 부기공,방문,,1,,,사원증 태그 및 메인 화면 접속
2026-09-30 11:18:39,TOPTEC 사원 부기공,시작,16파이 엔드밀,1,,,16파이 엔드밀 배출 시도
2026-09-30 11:19:21,TOPTEC 사원 부기공,방문,,1,,,사원증 태그 및 메인 화면 접속
2026-09-30 11:19:29,TOPTEC 사원 부기공,시작,16파이 엔드밀,1,,,16파이 엔드밀 배출 시도
2026-09-30 11:19:49,TOPTEC 사원 부기공,완료,16파이 엔드밀,1,160,98.2,AI 판독: 160(98.2%) - 16파이 엔드밀
2026-09-30 11:20:39,TOPTEC 사원 부기공,방문,,1,,,사원증 태그 및 메인 화면 접속
2026-09-30 11:20:50,TOPTEC 사원 부기공,시작,14파이 엔드밀,2,,,14파이 엔드밀 배출 시도
2026-09-30 11:21:13,TOPTEC 사원 부기공,완료,14파이 엔드밀,2,140,24.4,AI 판독: 140(24.4%) - 14파이 엔드밀
2026-09-30 11:21:34,TOPTEC 사원 부기공,방문,,2,,,사원증 태그 및 메인 화면 접속
2026-09-30 11:21:47,TOPTEC 사원 부기공,시작,12파이 엔드밀,3,,,12파이 엔드밀 배출 시도
2026-09-30 11:22:11,TOPTEC 사원 부기공,완료,12파이 엔드밀,3,120,52.6,AI 판독: 120(52.6%) - 12파이 엔드밀
2026-09-30 11:22:34,TOPTEC 사원 부기공,방문,,3,,,사원증 태그 및 메인 화면 접속
2026-09-30 11:22:40,TOPTEC 사원 부기공,시작,14파이 엔드밀,2,,,14파이 엔드밀 배출 시도
2026-09-30 11:23:03,TOPTEC 사원 부기공,완료,14파이 엔드밀,2,140,55.7,AI 판독: 140(55.7%) - 14파이 엔드밀
2026-09-30 11:24:28,TOPTEC 사원 부기공,방문,,2,,,사원증 태그 및 메인 화면 접속
2026-09-30 11:27:57,TOPTEC 사원 부기공,방문,,,,,사원증 태그 및 메인 화면 접속
2026-09-30 11:28:12,TOPTEC 사원 부기공,시작,16파이 엔드밀,1,,,16파이 엔드밀 배출 시도
2026-09-30 11:28:59,TOPTEC 사원 부기공,방문,,1,,,사원증 태그 및 메인 화면 접속
2026-09-30 11:29:40,TOPTEC 사원 부기공,방문,,,,,사원증 태그 및 메인 화면 접속
2026-09-30 11:29:50,TOPTEC 사원 부기공,시작,16파이 엔드밀,1,,,16파이 엔드밀 배출 시도
2026-09-30 11:30:11,TOPTEC 사원 부기공,완료,16파이 엔드밀,1,160,93.4,AI 판독: 160(93.4%) - 16파이 엔드밀
2026-09-30 11:30:34,TOPTEC 사원 부기공,방문,,1,,,사원증 태그 및 메인 화면 접속
2026-09-30 11:30:43,TOPTEC 사원 부기공,시작,14파이 엔드밀,2,,,14파이 엔드밀 배출 시도
2026-09-30 11:31:05,TOPTEC 사원 부기공,완료,14파이 엔드밀,2,162,66.6,AI 판독: 162(66.6%) - 14파이 엔드밀
2026-09-30 11:31:27,TOPTEC 사원 부기공,방문,,2,,,사원증 태그 및 메인 화면 접속
2026-09-30 11:32:15,TOPTEC 사원 부기공,시작,12파이 엔드밀,3,,,12파이 엔드밀 배출 시도
2026-09-30 11:32:39,TOPTEC 사원 부기공,완료,12파이 엔드밀,3,120,72.1,AI 판독: 120(72.1%) - 12파이 엔드밀
2026-09-30 11:33:10,TOPTEC 사원 부기공,방문,,3,,,사원증 태그 및 메인 화면 접속
2026-09-30 11:33:34,TOPTEC 사원 부기공,시작,16파이 엔드밀,1,,,16파이 엔드밀 배출 시도
2026-09-30 11:33:55,TOPTEC 사원 부기공,완료,16파이 엔드밀,1,161,92.5,AI 판독: 161(92.5%) - 16파이 엔드밀
2026-09-30 11:34:17,TOPTEC 사원 부기공,방문,,1,,,사원증 태그 및 메인 화면 접속
2026-09-30 11:34:25,TOPTEC 사원 부기공,시작,14파이 엔드밀,2,,,14파이 엔드밀 배출 시도
2026-09-30 11:34:47,TOPTEC 사원 부기공,완료,14파이 엔드밀,2,141,97,AI 판독: 141(97%) - 14파이 엔드밀
2026-09-30 11:35:11,TOPTEC 사원 부기공,방문,,2,,,사원증 태그 및 메인 화면 접속
2026-09-30 11:36:20,TOPTEC 사원 부기공,시작,16파이 엔드밀,1,,,16파이 엔드밀 배출 시도
2026-09-30 11:36:40,TOPTEC 사원 부기공,완료,16파이 엔드밀,1,161,55.7,AI 판독: 161(55.7%) - 16파이 엔드밀
2026-09-30 11:37:25,TOPTEC 사원 부기공,방문,,1,,,사원증 태그 및 메인 화면 접속
2026-09-30 11:37:32,TOPTEC 사원 부기공,시작,16파이 엔드밀,1,,,16파이 엔드밀 배출 시도
2026-09-30 11:37:53,TOPTEC 사원 부기공,완료,16파이 엔드밀,1,160,96.8,AI 판독: 160(96.8%) - 16파이 엔드밀
2026-09-30 11:38:14,TOPTEC 사원 부기공,방문,,1,,,사원증 태그 및 메인 화면 접속
2026-09-30 11:38:21,TOPTEC 사원 부기공,시작,16파이 엔드밀,1,,,16파이 엔드밀 배출 시도
2026-09-30 11:38:42,TOPTEC 사원 부기공,완료,16파이 엔드밀,1,162,44.7,AI 판독: 162(44.7%) - 16파이 엔드밀
2026-09-30 11:39:14,TOPTEC 사원 부기공,방문,,1,,,사원증 태그 및 메인 화면 접속
2026-09-30 11:39:22,TOPTEC 사원 부기공,시작,14파이 엔드밀,2,,,14파이 엔드밀 배출 시도
2026-09-30 11:40:07,TOPTEC 사원 부기공,방문,,2,,,사원증 태그 및 메인 화면 접속
2026-09-30 11:40:17,TOPTEC 사원 부기공,시작,14파이 엔드밀,2,,,14파이 엔드밀 배출 시도
2026-09-30 11:40:40,TOPTEC 사원 부기공,완료,14파이 엔드밀,2,142,21.4,AI 판독: 142(21.4%) - 14파이 엔드밀
2026-09-30 11:41:01,TOPTEC 사원 부기공,방문,,2,,,사원증 태그 및 메인 화면 접속
2026-09-30 11:41:10,TOPTEC 사원 부기공,시작,12파이 엔드밀,3,,,12파이 엔드밀 배출 시도
2026-09-30 11:41:34,TOPTEC 사원 부기공,완료,12파이 엔드밀,3,120,98.4,AI 판독: 120(98.4%) - 12파이 엔드밀
2026-09-30 11:41:56,TOPTEC 사원 부기공,방문,,3,,,사원증 태그 및 메인 화면 접속
2026-09-30 11:42:03,TOPTEC 사원 부기공,시작,12파이 엔드밀,3,,,12파이 엔드밀 배출 시도
2026-09-30 11:42:27,TOPTEC 사원 부기공,완료,12파이 엔드밀,3,122,40.1,AI 판독: 122(40.1%) - 12파이 엔드밀
2026-09-30 11:42:57,TOPTEC 사원 부기공,방문,,3,,,사원증 태그 및 메인 화면 접속
2026-09-30 11:43:04,TOPTEC 사원 부기공,시작,12파이 엔드밀,3,,,12파이 엔드밀 배출 시도
2026-09-30 11:45:48,TOPTEC 사원 부기공,방문,,3,,,사원증 태그 및 메인 화면 접속
2026-09-30 11:45:49,TOPTEC 사원 부기공,방문,,3,,,사원증 태그 및 메인 화면 접속
2026-09-30 12:01:36,TOPTEC 사원 부기공,방문,,3,,,사원증 태그 및 메인 화면 접속
2026-09-30 12:01:38,TOPTEC 사원 부기공,방문,,3,,,사원증 태그 및 메인 화면 접속
2026-09-30 13:34:03,TOPTEC 사원 부기공,방문,,,,,사원증 태그 및 메인 화면 접속
2026-09-30 13:34:18,TOPTEC 사원 부기공,시작,16파이 엔드밀,1,,,16파이 엔드밀 배출 시도
2026-09-30 13:34:39,TOPTEC 사원 부기공,완료,16파이 엔드밀,1,122,92.5,AI 판독: 122(92.5%) - 16파이 엔드밀
2026-09-30 13:35:05,TOPTEC 사원 부기공,방문,,1,,,사원증 태그 및 메인 화면 접속
2026-09-30 13:35:14,TOPTEC 사원 부기공,시작,14파이 엔드밀,2,,,14파이 엔드밀 배출 시도
2026-09-30 13:35:36,TOPTEC 사원 부기공,완료,14파이 엔드밀,2,141,98,AI 판독: 141(98%) - 14파이 엔드밀
2026-09-30 13:36:20,TOPTEC 사원 부기공,방문,,2,,,사원증 태그 및 메인 화면 접속
2026-09-30 13:36:42,TOPTEC 사원 부기공,시작,12파이 엔드밀,3,,,12파이 엔드밀 배출 시도
2026-09-30 13:37:06,TOPTEC 사원 부기공,완료,12파이 엔드밀,3,120,84.6,AI 판독: 120(84.6%) - 12파이 엔드밀
2026-09-30 13:38:13,TOPTEC 사원 부기공,방문,,3,,,사원증 태그 및 메인 화면 접속
2026-09-30 13:38:22,TOPTEC 사원 부기공,시작,16파이 엔드밀,1,,,16파이 엔드밀 배출 시도
2026-09-30 13:38:43,TOPTEC 사원 부기공,완료,16파이 엔드밀,1,160,95.7,AI 판독: 160(95.7%) - 16파이 엔드밀
2026-09-30 13:39:10,TOPTEC 사원 부기공,방문,,1,,,사원증 태그 및 메인 화면 접속
2026-09-30 13:39:25,TOPTEC 사원 부기공,시작,12파이 엔드밀,3,,,12파이 엔드밀 배출 시도
2026-09-30 13:39:49,TOPTEC 사원 부기공,완료,12파이 엔드밀,3,120,92.2,AI 판독: 120(92.2%) - 12파이 엔드밀
2026-09-30 13:42:35,TOPTEC 사원 부기공,방문,,3,,,사원증 태그 및 메인 화면 접속
2026-09-30 13:58:18,TOPTEC 사원 부기공,방문,,,,,사원증 태그 및 메인 화면 접속
2026-09-30 13:58:33,TOPTEC 사원 부기공,시작,16파이 엔드밀,1,,,16파이 엔드밀 배출 시도
2026-09-30 13:59:23,TOPTEC 사원 부기공,방문,,1,,,사원증 태그 및 메인 화면 접속
2026-09-30 13:59:31,TOPTEC 사원 부기공,시작,16파이 엔드밀,1,,,16파이 엔드밀 배출 시도
2026-09-30 13:59:51,TOPTEC 사원 부기공,완료,16파이 엔드밀,1,160,93.3,AI 판독: 160(93.3%) - 16파이 엔드밀
2026-09-30 14:00:17,TOPTEC 사원 부기공,방문,,1,,,사원증 태그 및 메인 화면 접속
2026-09-30 14:00:25,TOPTEC 사원 부기공,시작,14파이 엔드밀,2,,,14파이 엔드밀 배출 시도
2026-09-30 14:00:48,TOPTEC 사원 부기공,완료,14파이 엔드밀,2,160,88.9,AI 판독: 160(88.9%) - 14파이 엔드밀
2026-09-30 14:01:14,TOPTEC 사원 부기공,방문,,2,,,사원증 태그 및 메인 화면 접속
2026-09-30 14:01:21,TOPTEC 사원 부기공,시작,12파이 엔드밀,3,,,12파이 엔드밀 배출 시도
2026-09-30 14:01:46,TOPTEC 사원 부기공,완료,12파이 엔드밀,3,160,92.9,AI 판독: 160(92.9%) - 12파이 엔드밀
2026-09-30 14:02:27,TOPTEC 사원 부기공,방문,,3,,,사원증 태그 및 메인 화면 접속
2026-09-30 14:02:34,TOPTEC 사원 부기공,시작,12파이 엔드밀,3,,,12파이 엔드밀 배출 시도
2026-09-30 14:02:59,TOPTEC 사원 부기공,완료,12파이 엔드밀,3,120,51.2,AI 판독: 120(51.2%) - 12파이 엔드밀
2026-09-30 14:29:43,TOPTEC 사원 부기공,방문,,,,,사원증 태그 및 메인 화면 접속
2026-09-30 14:29:56,TOPTEC 사원 부기공,시작,16파이 엔드밀,1,,,16파이 엔드밀 배출 시도
2026-09-30 14:30:17,TOPTEC 사원 부기공,완료,16파이 엔드밀,1,120,96.1,AI 판독: 120(96.1%) - 16파이 엔드밀
2026-09-30 14:36:43,TOPTEC 사원 부기공,방문,,,,,사원증 태그 및 메인 화면 접속
2026-09-30 14:37:11,TOPTEC 사원 부기공,시작,16파이 엔드밀,1,,,16파이 엔드밀 배출 시도
2026-09-30 14:37:32,TOPTEC 사원 부기공,완료,16파이 엔드밀,1,162,55.6,AI 판독: 162(55.6%) - 16파이 엔드밀
2026-09-30 14:38:41,TOPTEC 사원 부기공,방문,,1,,,사원증 태그 및 메인 화면 접속
2026-09-30 14:54:37,TOPTEC 사원 부기공,방문,,,,,사원증 태그 및 메인 화면 접속
2026-09-30 15:03:35,TOPTEC 사원 부기공,방문,,,,,사원증 태그 및 메인 화면 접속
2026-09-30 18:29:11,TOPTEC 사원 부기공,방문,,,,,사원증 태그 및 메인 화면 접속
2026-09-30 18:29:46,TOPTEC 사원 부기공,시작,16파이 엔드밀,1,,,16파이 엔드밀 배출 시도
2026-09-30 18:30:51,TOPTEC 사원 부기공,방문,,1,,,사원증 태그 및 메인 화면 접속
2026-09-30 18:30:58,TOPTEC 사원 부기공,시작,16파이 엔드밀,1,,,16파이 엔드밀 배출 시도
2026-09-30 18:31:19,TOPTEC 사원 부기공,완료,16파이 엔드밀,1,162,46.9,AI 판독: 162(46.9%) - 16파이 엔드밀
2026-09-30 20:26:59,TOPTEC 사원 부기공,방문,,,,,사원증 태그 및 메인 화면 접속
2026-09-30 20:29:00,TOPTEC 사원 부기공,시작,16파이 엔드밀,1,,,16파이 엔드밀 배출 시도
2026-09-30 20:29:21,TOPTEC 사원 부기공,완료,16파이 엔드밀,1,160,98.7,AI 판독: 160(98.7%) - 16파이 엔드밀
2026-09-30 20:29:44,TOPTEC 사원 부기공,방문,,1,,,사원증 태그 및 메인 화면 접속
2026-09-30 20:29:52,TOPTEC 사원 부기공,시작,14파이 엔드밀,2,,,14파이 엔드밀 배출 시도
2026-09-30 20:30:14,TOPTEC 사원 부기공,완료,14파이 엔드밀,2,141,93.1,AI 판독: 141(93.1%) - 14파이 엔드밀
2026-09-30 20:30:39,TOPTEC 사원 부기공,방문,,2,,,사원증 태그 및 메인 화면 접속
2026-09-30 20:30:48,TOPTEC 사원 부기공,시작,12파이 엔드밀,3,,,12파이 엔드밀 배출 시도
2026-09-30 20:31:12,TOPTEC 사원 부기공,완료,12파이 엔드밀,3,160,29,AI 판독: 160(29%) - 12파이 엔드밀
2026-10-01 10:41:39,TOPTEC 사원 부기공,방문,,,,,사원증 태그 및 메인 화면 접속
2026-10-01 10:41:51,TOPTEC 사원 부기공,시작,16파이 엔드밀,1,,,16파이 엔드밀 배출 시도
2026-10-01 10:42:12,TOPTEC 사원 부기공,완료,16파이 엔드밀,1,160,56.9,AI 판독: 160(56.9%) - 16파이 엔드밀
2026-10-01 10:42:34,TOPTEC 사원 부기공,방문,,1,,,사원증 태그 및 메인 화면 접속
2026-10-01 10:42:45,TOPTEC 사원 부기공,시작,14파이 엔드밀,2,,,14파이 엔드밀 배출 시도
2026-10-01 10:43:07,TOPTEC 사원 부기공,완료,14파이 엔드밀,2,141,97.1,AI 판독: 141(97.1%) - 14파이 엔드밀
2026-10-01 10:43:30,TOPTEC 사원 부기공,방문,,2,,,사원증 태그 및 메인 화면 접속
2026-10-01 10:43:36,TOPTEC 사원 부기공,시작,12파이 엔드밀,3,,,12파이 엔드밀 배출 시도
2026-10-01 10:44:01,TOPTEC 사원 부기공,완료,12파이 엔드밀,3,122,97.1,AI 판독: 122(97.1%) - 12파이 엔드밀
2026-10-01 13:06:18,TOPTEC 사원 부기공,방문,,,,,사원증 태그 및 메인 화면 접속
2026-10-01 13:06:32,TOPTEC 사원 부기공,시작,선반 황삭 바이트,4,,,선반 황삭 바이트 배출 시도
2026-10-01 13:10:22,TOPTEC 사원 부기공,방문,,,,,사원증 태그 및 메인 화면 접속
2026-10-01 13:10:31,TOPTEC 사원 부기공,시작,선반 황삭 바이트,4,,,선반 황삭 바이트 배출 시도
2026-10-01 13:14:50,TOPTEC 사원 부기공,방문,,,,,사원증 태그 및 메인 화면 접속
2026-10-01 13:14:57,TOPTEC 사원 부기공,시작,선반 황삭 바이트,4,,,선반 황삭 바이트 배출 시도
2026-10-01 13:18:49,TOPTEC 사원 부기공,방문,,,,,사원증 태그 및 메인 화면 접속
2026-10-01 13:19:02,TOPTEC 사원 부기공,시작,선반 황삭 바이트,4,,,선반 황삭 바이트 배출 시도
2026-10-01 13:19:20,TOPTEC 사원 부기공,완료,선반 황삭 바이트,4,lathe_2,98,AI 판독: lathe_2(98%) - 선반 황삭 바이트
2026-10-01 13:19:49,TOPTEC 사원 부기공,방문,,4,,,사원증 태그 및 메인 화면 접속
2026-10-01 13:19:57,TOPTEC 사원 부기공,시작,선반 황삭 바이트,4,,,선반 황삭 바이트 배출 시도
2026-10-01 13:20:30,TOPTEC 사원 부기공,완료,선반 황삭 바이트,4,lathe_2,97.3,AI 판독: lathe_2(97.3%) - 선반 황삭 바이트
2026-10-01 13:20:53,TOPTEC 사원 부기공,방문,,4,,,사원증 태그 및 메인 화면 접속
2026-10-01 13:21:00,TOPTEC 사원 부기공,시작,선반 황삭 바이트,4,,,선반 황삭 바이트 배출 시도
2026-10-01 13:21:48,TOPTEC 사원 부기공,완료,선반 황삭 바이트,4,lathe_2,97.3,AI 판독: lathe_2(97.3%) - 선반 황삭 바이트
2026-10-01 13:22:19,TOPTEC 사원 부기공,방문,,4,,,사원증 태그 및 메인 화면 접속
2026-10-01 13:23:25,TOPTEC 사원 부기공,시작,16파이 엔드밀,1,,,16파이 엔드밀 배출 시도
2026-10-01 13:23:45,TOPTEC 사원 부기공,완료,16파이 엔드밀,1,160,86.6,AI 판독: 160(86.6%) - 16파이 엔드밀
2026-10-01 13:24:07,TOPTEC 사원 부기공,방문,,1,,,사원증 태그 및 메인 화면 접속
2026-10-01 13:24:13,TOPTEC 사원 부기공,시작,14파이 엔드밀,2,,,14파이 엔드밀 배출 시도
2026-10-01 13:24:36,TOPTEC 사원 부기공,완료,14파이 엔드밀,2,141,97.5,AI 판독: 141(97.5%) - 14파이 엔드밀
2026-10-01 13:25:02,TOPTEC 사원 부기공,방문,,2,,,사원증 태그 및 메인 화면 접속
2026-10-01 13:25:09,TOPTEC 사원 부기공,시작,12파이 엔드밀,3,,,12파이 엔드밀 배출 시도
2026-10-01 13:25:34,TOPTEC 사원 부기공,완료,12파이 엔드밀,3,122,93.9,AI 판독: 122(93.9%) - 12파이 엔드밀
2026-10-01 13:27:35,TOPTEC 사원 부기공,방문,,,,,사원증 태그 및 메인 화면 접속
2026-10-01 13:27:43,TOPTEC 사원 부기공,시작,선반 황삭 바이트,4,,,선반 황삭 바이트 배출 시도
2026-10-01 13:28:01,TOPTEC 사원 부기공,완료,선반 황삭 바이트,4,lathe_2,95.6,AI 판독: lathe_2(95.6%) - 선반 황삭 바이트
2026-10-01 13:28:36,TOPTEC 사원 부기공,방문,,4,,,사원증 태그 및 메인 화면 접속
2026-10-01 13:29:10,TOPTEC 사원 부기공,시작,선반 황삭 바이트,4,,,선반 황삭 바이트 배출 시도
2026-10-01 13:37:44,TOPTEC 사원 부기공,방문,,,,,사원증 태그 및 메인 화면 접속
2026-10-01 13:37:51,TOPTEC 사원 부기공,시작,선반 황삭 바이트,4,,,선반 황삭 바이트 배출 시도
2026-10-01 13:38:09,TOPTEC 사원 부기공,완료,선반 황삭 바이트,4,lathe_0,99.9,AI 판독: lathe_0(99.9%) - 선반 황삭 바이트
2026-10-01 13:39:13,TOPTEC 사원 부기공,방문,,,,,사원증 태그 및 메인 화면 접속
2026-10-01 13:39:22,TOPTEC 사원 부기공,시작,선반 황삭 바이트,4,,,선반 황삭 바이트 배출 시도
2026-10-01 13:39:40,TOPTEC 사원 부기공,완료,선반 황삭 바이트,4,lathe_0,99.9,AI 판독: lathe_0(99.9%) - 선반 황삭 바이트
2026-10-01 13:40:02,TOPTEC 사원 부기공,방문,,4,,,사원증 태그 및 메인 화면 접속
2026-10-01 13:40:11,TOPTEC 사원 부기공,시작,선반 황삭 바이트,4,,,선반 황삭 바이트 배출 시도
2026-10-01 13:40:44,TOPTEC 사원 부기공,완료,선반 황삭 바이트,4,lathe_1,99.9,AI 판독: lathe_1(99.9%) - 선반 황삭 바이트
2026-10-01 13:42:35,TOPTEC 사원 부기공,방문,,,,,사원증 태그 및 메인 화면 접속
2026-10-01 13:42:41,TOPTEC 사원 부기공,시작,선반 황삭 바이트,4,,,선반 황삭 바이트 배출 시도
2026-10-01 13:42:59,TOPTEC 사원 부기공,완료,선반 황삭 바이트,4,lathe_0,99.9,AI 판독: lathe_0(99.9%) - 선반 황삭 바이트
2026-10-01 13:43:24,TOPTEC 사원 부기공,방문,,4,,,사원증 태그 및 메인 화면 접속
2026-10-01 13:43:32,TOPTEC 사원 부기공,시작,선반 황삭 바이트,4,,,선반 황삭 바이트 배출 시도
2026-10-01 13:44:05,TOPTEC 사원 부기공,완료,선반 황삭 바이트,4,lathe_1,99.9,AI 판독: lathe_1(99.9%) - 선반 황삭 바이트
2026-10-01 13:44:26,TOPTEC 사원 부기공,방문,,4,,,사원증 태그 및 메인 화면 접속
2026-10-01 13:44:33,TOPTEC 사원 부기공,시작,선반 황삭 바이트,4,,,선반 황삭 바이트 배출 시도
2026-10-01 13:45:21,TOPTEC 사원 부기공,완료,선반 황삭 바이트,4,lathe_2,99.9,AI 판독: lathe_2(99.9%) - 선반 황삭 바이트
2026-10-01 13:46:32,TOPTEC 사원 부기공,방문,,4,,,사원증 태그 및 메인 화면 접속
2026-10-01 13:46:40,TOPTEC 사원 부기공,시작,16파이 엔드밀,1,,,16파이 엔드밀 배출 시도
2026-10-01 13:47:26,TOPTEC 사원 부기공,방문,,1,,,사원증 태그 및 메인 화면 접속
2026-10-01 13:47:33,TOPTEC 사원 부기공,시작,16파이 엔드밀,1,,,16파이 엔드밀 배출 시도
2026-10-01 13:52:21,TOPTEC 사원 부기공,방문,,,,,사원증 태그 및 메인 화면 접속
2026-10-01 13:52:27,TOPTEC 사원 부기공,시작,16파이 엔드밀,1,,,16파이 엔드밀 배출 시도
2026-10-01 13:52:48,TOPTEC 사원 부기공,완료,16파이 엔드밀,1,160,96.6,AI 판독: 160(96.6%) - 16파이 엔드밀
2026-10-01 13:53:11,TOPTEC 사원 부기공,방문,,1,,,사원증 태그 및 메인 화면 접속
2026-10-01 13:53:18,TOPTEC 사원 부기공,시작,14파이 엔드밀,2,,,14파이 엔드밀 배출 시도
2026-10-01 13:53:41,TOPTEC 사원 부기공,완료,14파이 엔드밀,2,141,97.2,AI 판독: 141(97.2%) - 14파이 엔드밀
2026-10-01 13:54:04,TOPTEC 사원 부기공,방문,,2,,,사원증 태그 및 메인 화면 접속
2026-10-01 13:54:12,TOPTEC 사원 부기공,시작,12파이 엔드밀,3,,,12파이 엔드밀 배출 시도
2026-10-01 13:54:37,TOPTEC 사원 부기공,완료,12파이 엔드밀,3,122,94.3,AI 판독: 122(94.3%) - 12파이 엔드밀
2026-10-01 13:55:00,TOPTEC 사원 부기공,방문,,3,,,사원증 태그 및 메인 화면 접속
2026-10-01 13:55:13,TOPTEC 사원 부기공,시작,선반 황삭 바이트,4,,,선반 황삭 바이트 배출 시도
2026-10-01 14:00:43,TOPTEC 사원 부기공,방문,,,,,사원증 태그 및 메인 화면 접속
2026-10-01 14:00:50,TOPTEC 사원 부기공,시작,선반 황삭 바이트,4,,,선반 황삭 바이트 배출 시도
2026-10-01 14:01:08,TOPTEC 사원 부기공,완료,선반 황삭 바이트,4,lathe_0,99.9,AI 판독: lathe_0(99.9%) - 선반 황삭 바이트
2026-10-01 14:01:38,TOPTEC 사원 부기공,방문,,4,,,사원증 태그 및 메인 화면 접속
2026-10-01 14:01:49,TOPTEC 사원 부기공,시작,16파이 엔드밀,1,,,16파이 엔드밀 배출 시도
2026-10-01 14:02:09,TOPTEC 사원 부기공,완료,16파이 엔드밀,1,160,78.8,AI 판독: 160(78.8%) - 16파이 엔드밀
2026-10-01 14:02:37,TOPTEC 사원 부기공,방문,,1,,,사원증 태그 및 메인 화면 접속
2026-10-01 14:02:43,TOPTEC 사원 부기공,시작,14파이 엔드밀,2,,,14파이 엔드밀 배출 시도
2026-10-01 14:03:06,TOPTEC 사원 부기공,완료,14파이 엔드밀,2,141,98,AI 판독: 141(98%) - 14파이 엔드밀
2026-10-01 14:07:13,TOPTEC 사원 부기공,방문,,,,,사원증 태그 및 메인 화면 접속
2026-10-01 14:07:20,TOPTEC 사원 부기공,시작,14파이 엔드밀,2,,,14파이 엔드밀 배출 시도
2026-10-01 14:07:43,TOPTEC 사원 부기공,완료,14파이 엔드밀,2,122,35.5,AI 판독: 122(35.5%) - 14파이 엔드밀
2026-10-01 14:08:09,TOPTEC 사원 부기공,방문,,2,,,사원증 태그 및 메인 화면 접속
2026-10-01 14:08:15,TOPTEC 사원 부기공,시작,선반 황삭 바이트,4,,,선반 황삭 바이트 배출 시도
2026-10-01 14:08:33,TOPTEC 사원 부기공,완료,선반 황삭 바이트,4,lathe_0,99.9,AI 판독: lathe_0(99.9%) - 선반 황삭 바이트
2026-10-01 14:12:06,TOPTEC 사원 부기공,방문,,4,,,사원증 태그 및 메인 화면 접속
2026-10-01 14:12:21,TOPTEC 사원 부기공,시작,16파이 엔드밀,1,,,16파이 엔드밀 배출 시도
2026-10-01 14:12:41,TOPTEC 사원 부기공,완료,16파이 엔드밀,1,162,20.1,AI 판독: 162(20.1%) - 16파이 엔드밀
2026-10-01 14:13:30,TOPTEC 사원 부기공,방문,,1,,,사원증 태그 및 메인 화면 접속
2026-10-01 14:13:55,TOPTEC 사원 부기공,시작,16파이 엔드밀,1,,,16파이 엔드밀 배출 시도
2026-10-01 14:14:16,TOPTEC 사원 부기공,완료,16파이 엔드밀,1,160,87.1,AI 판독: 160(87.1%) - 16파이 엔드밀
2026-10-01 14:14:41,TOPTEC 사원 부기공,방문,,1,,,사원증 태그 및 메인 화면 접속
2026-10-01 14:14:57,TOPTEC 사원 부기공,시작,12파이 엔드밀,3,,,12파이 엔드밀 배출 시도
2026-10-01 14:15:21,TOPTEC 사원 부기공,완료,12파이 엔드밀,3,122,89.8,AI 판독: 122(89.8%) - 12파이 엔드밀
2026-10-01 14:16:27,TOPTEC 사원 부기공,방문,,3,,,사원증 태그 및 메인 화면 접속
2026-10-01 14:17:45,TOPTEC 사원 부기공,시작,선반 황삭 바이트,4,,,선반 황삭 바이트 배출 시도
2026-10-01 14:18:18,TOPTEC 사원 부기공,완료,선반 황삭 바이트,4,lathe_1,99.9,AI 판독: lathe_1(99.9%) - 선반 황삭 바이트
2026-10-01 14:20:19,TOPTEC 사원 부기공,방문,,,,,사원증 태그 및 메인 화면 접속
2026-10-01 14:20:28,TOPTEC 사원 부기공,시작,선반 황삭 바이트,4,,,선반 황삭 바이트 배출 시도
2026-10-01 14:20:46,TOPTEC 사원 부기공,완료,선반 황삭 바이트,4,lathe_0,99.9,AI 판독: lathe_0(99.9%) - 선반 황삭 바이트
2026-10-01 14:23:26,TOPTEC 사원 부기공,방문,,,,,사원증 태그 및 메인 화면 접속
2026-10-01 14:23:35,TOPTEC 사원 부기공,시작,16파이 엔드밀,1,,,16파이 엔드밀 배출 시도
2026-10-01 14:23:55,TOPTEC 사원 부기공,완료,16파이 엔드밀,1,160,79.8,AI 판독: 160(79.8%) - 16파이 엔드밀
2026-10-01 14:46:27,TOPTEC 사원 부기공,방문,,1,,,사원증 태그 및 메인 화면 접속
2026-10-01 14:46:50,TOPTEC 사원 부기공,시작,14파이 엔드밀,2,,,14파이 엔드밀 배출 시도
2026-10-01 14:47:13,TOPTEC 사원 부기공,완료,14파이 엔드밀,2,141,94.5,AI 판독: 141(94.5%) - 14파이 엔드밀
