epoch,time,train/box_loss,train/cls_loss,train/l1_loss,metrics/precision(B),metrics/recall(B),metrics/mAP50(B),metrics/mAP50-95(B),val/box_loss,val/cls_loss,val/l1_loss,lr/pg0,lr/pg1,lr/pg2
1,191.031,0.5786,5.89382,0.00544,0.53814,0.64851,0.62701,0.59956,0.32163,5.58965,0.00499,0.000255676,0.000255676,0.000255676
2,371.031,0.54459,2.99322,0.00522,0.71158,0.8003,0.8404,0.8039,0.33326,2.57409,0.00417,0.000501872,0.000501872,0.000501872
3,549.452,0.54479,1.5238,0.00522,0.9325,0.89254,0.96783,0.9147,0.3554,0.99411,0.00639,0.000737916,0.000737916,0.000737916
4,727.924,0.53757,0.95445,0.00519,0.94969,0.96232,0.98318,0.95828,0.27327,0.5151,0.00411,0.000723321,0.000723321,0.000723321
5,906.004,0.51552,0.71662,0.00503,0.93263,0.90619,0.96291,0.91537,0.33262,0.48457,0.00404,0.000708095,0.000708095,0.000708095
6,1083.96,0.48341,0.59566,0.00462,0.96389,0.93789,0.98432,0.95336,0.28743,0.32935,0.00379,0.000692869,0.000692869,0.000692869
7,1260.28,0.45234,0.51672,0.00421,0.95264,0.95617,0.98718,0.96079,0.29305,0.28709,0.0036,0.000677643,0.000677643,0.000677643
8,1438.72,0.43162,0.4639,0.00397,0.95972,0.94757,0.98454,0.97054,0.22875,0.22846,0.00262,0.000662417,0.000662417,0.000662417
9,1620.83,0.42209,0.42093,0.00405,0.96379,0.97348,0.9873,0.97069,0.23815,0.21747,0.00311,0.00064719,0.00064719,0.00064719
10,1804.39,0.41886,0.38984,0.00388,0.98079,0.95575,0.98818,0.97968,0.19752,0.17126,0.00263,0.000631964,0.000631964,0.000631964
11,1988.8,0.41015,0.35851,0.0038,0.98367,0.96302,0.98547,0.97629,0.22023,0.18075,0.003,0.000616738,0.000616738,0.000616738
12,2186.04,0.39905,0.34022,0.00385,0.98064,0.97112,0.98876,0.97728,0.23766,0.1555,0.0034,0.000601512,0.000601512,0.000601512
13,2430.49,0.37001,0.31395,0.00343,0.9826,0.97131,0.98834,0.98193,0.19988,0.15191,0.00257,0.000586286,0.000586286,0.000586286
14,2677.68,0.37139,0.31284,0.00343,0.98235,0.96947,0.98799,0.98094,0.18602,0.14497,0.00221,0.000571059,0.000571059,0.000571059
15,2926.26,0.36757,0.29395,0.00335,0.98827,0.98747,0.99071,0.9867,0.19218,0.12195,0.0027,0.000555833,0.000555833,0.000555833
16,3170.14,0.35882,0.27479,0.00331,0.97848,0.97953,0.98864,0.98436,0.18162,0.12338,0.00255,0.000540607,0.000540607,0.000540607
17,3413.56,0.34909,0.27197,0.00325,0.98884,0.98331,0.98909,0.98634,0.15519,0.10489,0.00209,0.000525381,0.000525381,0.000525381
18,3656.06,0.34297,0.27966,0.00318,0.98712,0.98276,0.98951,0.98741,0.16815,0.11606,0.00245,0.000510155,0.000510155,0.000510155
19,3850.96,0.33415,0.26249,0.00308,0.99299,0.9843,0.99064,0.98798,0.15666,0.09793,0.00193,0.000494928,0.000494928,0.000494928
20,4030.45,0.32668,0.24378,0.00303,0.99055,0.97689,0.99041,0.98891,0.14148,0.10408,0.00177,0.000479702,0.000479702,0.000479702
21,4212.43,0.32999,0.2535,0.00297,0.99399,0.97439,0.99082,0.98829,0.15938,0.1177,0.00212,0.000464476,0.000464476,0.000464476
22,4393.7,0.31939,0.22908,0.00292,0.98838,0.98642,0.99024,0.98788,0.14576,0.09918,0.00179,0.00044925,0.00044925,0.00044925
23,4575.35,0.31146,0.23494,0.00283,0.98028,0.98421,0.99034,0.988,0.14867,0.11038,0.00205,0.000434024,0.000434024,0.000434024
24,4756.22,0.31861,0.23257,0.00282,0.99347,0.98262,0.98951,0.98808,0.13599,0.08858,0.0017,0.000418797,0.000418797,0.000418797
25,4937.12,0.30449,0.2153,0.00278,0.99347,0.97801,0.9909,0.98849,0.15883,0.10325,0.00207,0.000403571,0.000403571,0.000403571
26,5117.43,0.3086,0.21511,0.00279,0.98538,0.98115,0.98999,0.98797,0.13299,0.10149,0.00159,0.000388345,0.000388345,0.000388345
27,5297.87,0.28912,0.20046,0.00262,0.98452,0.9781,0.98964,0.98839,0.14016,0.10588,0.00201,0.000373119,0.000373119,0.000373119
28,5478.78,0.28577,0.19741,0.00258,0.99459,0.98547,0.9902,0.98877,0.14829,0.08781,0.00202,0.000357893,0.000357893,0.000357893
29,5662.06,0.27714,0.19401,0.0025,0.99206,0.97898,0.99053,0.98945,0.12737,0.09248,0.00167,0.000342666,0.000342666,0.000342666
30,5839.74,0.27747,0.18791,0.00247,0.98894,0.99055,0.98955,0.988,0.13848,0.08894,0.00184,0.00032744,0.00032744,0.00032744
31,6018.43,0.26997,0.18298,0.00239,0.99406,0.98538,0.98933,0.98795,0.12999,0.09032,0.00176,0.000312214,0.000312214,0.000312214
32,6198.19,0.25715,0.17784,0.0023,0.99161,0.98801,0.99009,0.98911,0.1357,0.08818,0.00175,0.000296988,0.000296988,0.000296988
33,6379.48,0.25311,0.17197,0.00226,0.99466,0.99032,0.99031,0.98898,0.1252,0.09049,0.00148,0.000281762,0.000281762,0.000281762
34,6562.42,0.25422,0.16788,0.00225,0.98294,0.98121,0.98868,0.98781,0.13196,0.09616,0.00165,0.000266535,0.000266535,0.000266535
35,6741.48,0.25507,0.17187,0.00225,0.99324,0.98282,0.98934,0.98865,0.12661,0.08721,0.00164,0.000251309,0.000251309,0.000251309
36,6920.8,0.24481,0.16167,0.00218,0.99259,0.98075,0.99132,0.98999,0.1282,0.08398,0.00156,0.000236083,0.000236083,0.000236083
37,7101.75,0.244,0.16129,0.00217,0.99765,0.98188,0.99159,0.99062,0.11929,0.07975,0.00145,0.000220857,0.000220857,0.000220857
38,7281.47,0.23862,0.15699,0.0021,0.99505,0.98383,0.99124,0.99078,0.11616,0.07859,0.00139,0.000205631,0.000205631,0.000205631
39,7460.46,0.23254,0.15905,0.00209,0.99392,0.98037,0.99179,0.99103,0.11148,0.07813,0.00133,0.000190404,0.000190404,0.000190404
40,7640.52,0.22885,0.16028,0.00201,0.99036,0.98389,0.99027,0.98972,0.11894,0.08467,0.0015,0.000175178,0.000175178,0.000175178
41,7835.64,0.1488,0.09189,0.00176,0.99707,0.98631,0.9911,0.99033,0.11785,0.07357,0.0014,0.000159952,0.000159952,0.000159952
42,8016.81,0.14322,0.08665,0.00166,0.99415,0.98511,0.99165,0.99066,0.11404,0.07616,0.00139,0.000144726,0.000144726,0.000144726
43,8198.46,0.14155,0.08196,0.00167,0.99408,0.98628,0.98998,0.98928,0.11422,0.07073,0.00139,0.0001295,0.0001295,0.0001295
44,8379.14,0.13721,0.07815,0.00161,0.99163,0.98455,0.99081,0.99027,0.10889,0.07657,0.00129,0.000114273,0.000114273,0.000114273
45,8561.1,0.13416,0.07729,0.00156,0.99502,0.9907,0.99104,0.99053,0.11123,0.07476,0.00131,9.90472e-05,9.90472e-05,9.90472e-05
46,8742.95,0.1336,0.07716,0.00157,0.99615,0.99114,0.99019,0.98962,0.10909,0.06906,0.0013,8.3821e-05,8.3821e-05,8.3821e-05
47,8923.75,0.12961,0.0788,0.00148,0.99568,0.98536,0.99037,0.9896,0.11061,0.06968,0.00129,6.85948e-05,6.85948e-05,6.85948e-05
48,9105.3,0.12563,0.07647,0.00141,0.9938,0.99079,0.98916,0.98877,0.10893,0.06869,0.00127,5.33686e-05,5.33686e-05,5.33686e-05
49,9286.22,0.12319,0.07277,0.00136,0.99546,0.98964,0.9903,0.98955,0.1071,0.06866,0.00125,3.81424e-05,3.81424e-05,3.81424e-05
50,9468.44,0.12006,0.07342,0.00132,0.99747,0.98872,0.99067,0.99005,0.1062,0.06707,0.00125,2.29162e-05,2.29162e-05,2.29162e-05
